{"cameraMode":{"drawMode":0,"name":"Shaded","section":"Shading Mode"},"sceneLighting":false,"audioPlay":false,"sceneViewState":{"showFog":true,"showMaterialUpdate":false,"showSkybox":true,"showFlares":true,"showImageEffects":true,"showParticleSystems":true},"in2DMode":false,"pivot":{"x":44.73515319824219,"y":25.35498046875,"z":-46.51668167114258},"rotation":{"x":-0.13046206533908845,"y":-0.3208996057510376,"z":0.04467927664518356,"w":-0.9370202422142029},"size":2.8578836917877199,"orthographic":false}